Book Id,Title,Author,Author l-f,Additional Authors,ISBN,ISBN13,My Rating,Average Rating,Publisher,Binding,Number of Pages,Year Published,Original Publication Year,Date Read,Date Added,Bookshelves,Bookshelves with positions,Exclusive Shelf,My Review,Spoiler,Private Notes,Read Count,Owned Copies
57773248,Notes on an Execution,Danya Kukafka,"Kukafka, Danya",,"=""0063052733""","=""9780063052734""",0,4.14,William Morrow,Hardcover,306,2022,2022,,2022/10/08,to-read,to-read (#250),to-read,,,,0,0
55825321,The Membranes,Chi Ta-wei,"Ta-wei, Chi",Ari Larissa Heinrich,"=""0231195710""","=""9780231195713""",0,4.12,Columbia University Press,Paperback,168,2021,1995,,2022/10/08,to-read,to-read (#249),to-read,,,,0,0
57803151,You Truly Assumed,Laila Sabreen,"Sabreen, Laila",,"=""1335418652""","=""9781335418654""",0,3.84,Inkyard Press,Hardcover,352,2022,2022,,2022/10/08,to-read,to-read (#248),to-read,,,,0,0
51188678,A Girl Is a Body of Water,Jennifer Nansubuga Makumbi,"Makumbi, Jennifer Nansubuga",,"=""1951142047""","=""9781951142049""",0,4.16,Tin House Books,Hardcover,560,2020,2020,,2022/10/08,to-read,to-read (#247),to-read,,,,0,0
55311334,The Beautiful Ones,Silvia Moreno-Garcia,"Moreno-Garcia, Silvia",,"=""""","=""""",0,3.89,,Kindle Edition,320,2021,2017,,2022/10/08,to-read,to-read (#246),to-read,,,,0,0
27071490,Homegoing,Yaa Gyasi,"Gyasi, Yaa",,"=""""","=""""",0,4.47,Alfred A. Knopf,Hardcover,305,2016,2016,,2022/10/08,to-read,to-read (#245),to-read,,,,0,0
36952571,The Weight of the Stars,K. Ancrum,"Ancrum, K.",,"=""1250101638""","=""9781250101631""",0,3.98,Imprint,Hardcover,384,2019,2019,,2022/10/08,to-read,to-read (#244),to-read,,,,0,0
52719723,"The Sea Witch (Wicked Villains, #5)",Katee Robert,"Robert, Katee",,"=""""","=""9781951329020""",0,3.50,Trinkets and Tales LLC,ebook,275,2020,2020,,2022/10/08,to-read,to-read (#243),to-read,,,,0,0
43301353,The Space Between Worlds,Micaiah Johnson,"Johnson, Micaiah",,"=""""","=""""",0,3.97,Crown,,336,2020,2020,,2022/10/08,to-read,to-read (#242),to-read,,,,0,0
51152447,Caste: The Origins of Our Discontents,Isabel Wilkerson,"Wilkerson, Isabel",,"=""0593230256""","=""9780593230251""",0,4.55,Random House,Hardcover,496,2020,2020,,2022/10/08,to-read,to-read (#241),to-read,,,,0,0
42519313,Nothing to See Here,Kevin    Wilson,"Wilson, Kevin",,"=""0062913484""","=""9780062913487""",0,3.96,Ecco,ebook,288,2019,2019,,2022/10/08,to-read,to-read (#240),to-read,,,,0,0
60556912,The Housemaid,Freida McFadden,"McFadden, Freida",,"=""""","=""""",0,4.38,,Kindle Edition,332,2022,2022,,2022/10/08,to-read,to-read (#239),to-read,,,,0,0
36513009,When the Lights Go Out,Mary Kubica,"Kubica, Mary",,"=""""","=""""",0,3.19,Park Row,Kindle Edition,336,2018,2018,,2022/10/08,to-read,to-read (#238),to-read,,,,0,0
36461454,I Know You Know,Gilly Macmillan,"Macmillan, Gilly",,"=""0062698613""","=""9780062698612""",0,3.39,William Morrow Paperbacks,ebook,384,2018,2018,,2022/10/08,to-read,to-read (#237),to-read,,,,0,0
32326398,Sometimes I Lie,Alice Feeney,"Feeney, Alice",,"=""0008225354""","=""9780008225353""",0,3.81,HQ,Paperback,387,2017,2017,,2022/10/08,to-read,to-read (#236),to-read,,,,0,0
54737068,Local Woman Missing,Mary Kubica,"Kubica, Mary",,"=""0778389448""","=""9780778389446""",0,4.13,Park Row,Hardcover,352,2021,2021,,2022/10/08,to-read,to-read (#235),to-read,,,,0,0
20758105,"Monsters of Men (Chaos Walking, #3)",Patrick Ness,"Ness, Patrick",,"=""0763676195""","=""9780763676193""",0,4.22,Candlewick,Paperback,643,2014,2010,,2022/10/08,to-read,to-read (#234),to-read,,,,0,0
11346,Sula,Toni Morrison,"Morrison, Toni",,"=""0452283868""","=""9780452283862""",0,3.99,Plume Books,Paperback,174,2002,1973,,2022/10/08,to-read,to-read (#233),to-read,,,,0,0
32075853,Erotic Stories for Punjabi Widows,Balli Kaur Jaswal,"Jaswal, Balli Kaur",,"=""0062645129""","=""9780062645128""",0,3.93,William Morrow,Hardcover,304,2017,2017,,2022/10/08,to-read,to-read (#232),to-read,,,,0,0
58837536,Nevada,Imogen Binnie,"Binnie, Imogen",,"=""0374606617""","=""9780374606619""",0,4.04,MCD X Fsg Originals,Paperback,288,2022,2013,,2022/10/08,to-read,to-read (#231),to-read,,,,0,0
36348525,Severance,Ling  Ma,"Ma, Ling",,"=""0374261598""","=""9780374261597""",0,3.91,"Farrar, Straus and Giroux",Hardcover,291,2018,2018,,2022/10/08,to-read,to-read (#230),to-read,,,,0,0
31944679,In Other Lands,Sarah Rees Brennan,"Brennan, Sarah Rees",,"=""1618731203""","=""9781618731203""",0,4.36,Big Mouth House,Hardcover,437,2017,2017,,2022/10/08,to-read,to-read (#229),to-read,,,,0,0
42779092,The Chain,Adrian McKinty,"McKinty, Adrian",,"=""031653126X""","=""9780316531269""",0,3.80,Mulholland Books,Hardcover,357,2019,2019,,2022/10/08,to-read,to-read (#228),to-read,,,,0,0
56628286,Hostage,Clare Mackintosh,"Mackintosh, Clare",,"=""1728245524""","=""9781728245522""",0,3.94,Sourcebooks Landmark,Hardcover,357,2021,2021,,2022/10/08,to-read,to-read (#227),to-read,,,,0,0
52476830,The Push,Ashley Audrain,"Audrain, Ashley",,"=""1984881663""","=""9781984881663""",0,4.09,Pamela Dorman Books,Hardcover,307,2021,2021,,2022/10/08,to-read,to-read (#226),to-read,,,,0,0
58724923,Hidden Pictures,Jason Rekulak,"Rekulak, Jason",,"=""1250819342""","=""9781250819345""",0,4.25,Flatiron Books,Hardcover,373,2022,2022,,2022/10/08,to-read,to-read (#225),to-read,,,,0,0
56084054,We Were Never Here,Andrea Bartz,"Bartz, Andrea",,"=""""","=""""",0,3.53,Ballantine Books,Hardcover,304,2021,2021,,2022/10/08,to-read,to-read (#224),to-read,,,,0,0
59947696,Wrong Place Wrong Time,Gillian McAllister,"McAllister, Gillian",,"=""0063252341""","=""9780063252349""",0,4.17,William Morrow,Hardcover,416,2022,2022,,2022/10/08,to-read,to-read (#223),to-read,,,,0,0
17345209,The Bat (Harry Hole #1),Jo Nesbø,"Nesbø, Jo",Don Bartlett,"=""034580709X""","=""9780345807090""",0,3.56,Vintage Crime/Black Lizard,Paperback,369,2013,1997,,2022/03/12,to-read,to-read (#144),to-read,,,,0,0
60177377,Fairy Tale,Stephen King,"King, Stephen",,"=""1668002183""","=""9781668002186""",0,4.34,Scribner,ebook,608,2022,2022,,2022/09/05,to-read,to-read (#222),to-read,,,,0,0
59855147,"The Bullet That Missed (Thursday Murder Club, #3)",Richard Osman,"Osman, Richard",,"=""0593299396""","=""9780593299395""",0,4.56,Pamela Dorman Books,Hardcover,352,2022,2022,,2022/09/05,to-read,to-read (#221),to-read,,,,0,0
58756502,Jackal,Erin E. Adams,"Adams, Erin E.",,"=""0593499301""","=""9780593499306""",0,3.99,Bantam,Hardcover,336,2022,2022,,2022/09/05,to-read,to-read (#220),to-read,,,,0,0
59912428,Mad Honey,Jodi Picoult,"Picoult, Jodi",Jennifer Finney Boylan,"=""1984818384""","=""9781984818386""",0,4.35,Ballantine,Hardcover,464,2022,2022,,2022/09/05,to-read,to-read (#219),to-read,,,,0,0
59807978,Hester,Laurie Lico Albanese,"Albanese, Laurie Lico",,"=""1250278554""","=""9781250278555""",0,4.26,St. Martin's Press,Hardcover,336,2022,2022,,2022/09/05,to-read,to-read (#218),to-read,,,,0,0
60149573,Our Missing Hearts,Celeste Ng,"Ng, Celeste",,"=""0593492544""","=""9780593492543""",0,4.20,Penguin Press,Hardcover,352,2022,2022,,2022/09/05,to-read,to-read (#217),to-read,,,,0,0
59830251,People Person,Candice Carty-Williams,"Carty-Williams, Candice",,"=""1501196049""","=""9781501196041""",0,3.78,Gallery/Scout Press,Hardcover,336,2022,2022,,2022/09/05,to-read,to-read (#216),to-read,,,,0,0
59894742,The Fortunes of Jaded Women,Carolyn Huynh,"Huynh, Carolyn",,"=""1982188731""","=""9781982188733""",0,3.72,Atria Books,Hardcover,272,2022,2022,,2022/09/05,to-read,to-read (#215),to-read,,,,0,0
58690308,Book Lovers,Emily Henry,"Henry, Emily",,"=""""","=""""",0,4.28,Berkley,Hardcover,384,2022,2022,,2022/09/04,to-read,to-read (#214),to-read,,,,0,0
38926487,All Your Perfects,Colleen Hoover,"Hoover, Colleen",,"=""1501193325""","=""9781501193323""",4,4.23,Atria Books,Paperback,305,2018,2018,,2022/07/09,,,read,,,,1,0
101299,The Reader,Bernhard Schlink,"Schlink, Bernhard",Carol Brown Janeway,"=""0375408266""","=""9780375408267""",5,3.77,Pantheon,Hardcover,216,1997,1995,,2022/08/06,,,read,,,,1,0
60141373,Dark Room Etiquette,Robin Roe,"Roe, Robin",,"=""0063051737""","=""9780063051737""",0,4.51,HarperTeen,Hardcover,512,2022,2022,,2022/03/12,to-read,to-read (#129),to-read,,,,0,0
57554985,The Girl in His Shadow,Audrey  Blake,"Blake, Audrey",,"=""""","=""""",0,4.17,Sourcebooks Landmark,Kindle Edition,386,2021,2021,,2022/07/14,currently-reading,currently-reading (#1),currently-reading,,,,1,0
36142579,"Cold-Blooded: A True Story of Love, Lies, Greed, and Murder",Carlton Smith,"Smith, Carlton",,"=""""","=""""",0,3.62,Open Road Media,Kindle Edition,364,2017,2004,,2022/07/13,to-read,to-read (#213),to-read,,,,0,0
58385696,Being Mary Bennet,J.C. Peterson,"Peterson, J.C.",,"=""0063060132""","=""9780063060135""",0,3.79,HarperTeen,Hardcover,384,2022,2022,,2022/07/09,to-read,to-read (#187),to-read,,,,0,0
8855321,"Leviathan Wakes (The Expanse, #1)",James S.A. Corey,"Corey, James S.A.",,"=""1841499889""","=""9781841499888""",0,4.28,Orbit,Paperback,592,2011,2011,,2022/07/09,,,read,,,,1,0
49374505,Confessions on the 7:45,Lisa Unger,"Unger, Lisa",,"=""0778310159""","=""9780778310150""",0,3.92,Park Row,Hardcover,368,2020,2020,,2022/07/09,to-read,to-read (#212),to-read,,,,0,0
41555931,Whisper Network,Chandler Baker,"Baker, Chandler",,"=""1250319471""","=""9781250319470""",0,3.61,Flatiron Books,Hardcover,352,2019,2019,,2022/07/09,to-read,to-read (#211),to-read,,,,0,0
38359036,"The Tattooist of Auschwitz (The Tattooist of Auschwitz, #1)",Heather   Morris,"Morris, Heather",,"=""006287067X""","=""9780062870674""",0,4.28,Harper,Hardcover,272,2018,2018,,2022/07/09,to-read,to-read (#210),to-read,,,,0,0
39863498,"The Gilded Wolves (The Gilded Wolves, #1)",Roshani Chokshi,"Chokshi, Roshani",,"=""125014454X""","=""9781250144546""",0,3.74,Wednesday Books,Hardcover,388,2019,2019,,2022/07/09,to-read,to-read (#209),to-read,,,,0,0
35297426,Then She Was Gone,Lisa Jewell,"Jewell, Lisa",,"=""1501154648""","=""9781501154645""",0,4.06,Atria Books,Hardcover,359,2018,2017,,2022/07/09,to-read,to-read (#208),to-read,,,,0,0
22341263,"My Sister's Grave (Tracy Crosswhite, #1)",Robert Dugoni,"Dugoni, Robert",,"=""1477825576""","=""9781477825570""",0,4.08,Thomas & Mercer,Paperback,410,2014,2014,,2022/07/09,to-read,to-read (#207),to-read,,,,0,0
48842144,The Shadows,Alex North,"North, Alex",,"=""1250318033""","=""9781250318039""",0,3.75,Celadon Books,Hardcover,325,2020,2020,,2022/07/09,to-read,to-read (#206),to-read,,,,0,0
44151100,"A Cold Trail (Tracy Crosswhite, #7)",Robert Dugoni,"Dugoni, Robert",,"=""""","=""""",0,4.35,Thomas & Mercer,Kindle Edition,355,2020,2020,,2022/07/09,to-read,to-read (#204),to-read,,,,0,0
41940236,The Whisper Man,Alex North,"North, Alex",,"=""1250317991""","=""9781250317995""",0,4.04,Celadon Books,Hardcover,355,2019,2019,,2022/07/09,to-read,to-read (#205),to-read,,,,0,0
52886627,"You Had Me at Hola (Primas of Power, #1)",Alexis Daria,"Daria, Alexis",,"=""006295993X""","=""9780062959935""",0,3.70,Avon,ebook,384,2020,2020,,2022/07/09,to-read,to-read (#203),to-read,,,,0,0
25574782,Pretty Girls,Karin Slaughter,"Slaughter, Karin",,"=""0062430874""","=""9780062430878""",0,4.03,William Morrow,Paperback,688,2015,2015,,2022/07/09,to-read,to-read (#202),to-read,,,,0,0
25150798,The Tea Girl of Hummingbird Lane,Lisa See,"See, Lisa",,"=""""","=""""",0,4.26,Scribner ,Kindle Edition,384,2017,2017,,2022/07/09,to-read,to-read (#201),to-read,,,,0,0
35069544,"This Will Be My Undoing: Living at the Intersection of Black, Female, and Feminist in (White) America",Morgan Jerkins,"Jerkins, Morgan",,"=""0062666150""","=""9780062666154""",0,4.03,Harper Perennial,Paperback,258,2018,2018,,2022/07/09,to-read,to-read (#200),to-read,,,,0,0
42046112,Recursion,Blake Crouch,"Crouch, Blake",,"=""1524759783""","=""9781524759780""",0,4.16,Crown Publishing Group (NY),Hardcover,336,2019,2019,,2022/07/09,to-read,to-read (#199),to-read,,,,0,0
27833670,Dark Matter,Blake Crouch,"Crouch, Blake","Hilary Clarcq, Andy Weir","=""1101904224""","=""9781101904220""",0,4.12,Crown,Hardcover,352,2016,2016,,2022/07/09,to-read,to-read (#198),to-read,,,,0,0
41150487,"Red, White & Royal Blue",Casey McQuiston,"McQuiston, Casey",,"=""""","=""""",0,4.16,St. Martin's Griffin,Paperback,448,2019,2019,,2022/07/09,to-read,to-read (#197),to-read,,,,0,0
44323551,Unspeakable Things,Jess Lourey,"Lourey, Jess",,"=""""","=""""",0,3.83,Thomas & Mercer,Kindle Edition,296,2020,2020,,2022/07/09,to-read,to-read (#196),to-read,,,,0,0
33294200,The Poet X,Elizabeth Acevedo,"Acevedo, Elizabeth",,"=""""","=""""",0,4.40,HarperTeen ,Kindle Edition,368,2018,2018,,2022/07/09,to-read,to-read (#195),to-read,,,,0,0
36840397,A Place for Us,Fatima Farheen Mirza,"Mirza, Fatima Farheen",,"=""1524763551""","=""9781524763558""",0,4.16,SJP for Hogarth,Hardcover,385,2018,2018,,2022/07/09,to-read,to-read (#194),to-read,,,,0,0
33590210,An American Marriage,Tayari Jones,"Jones, Tayari",,"=""1616201347""","=""9781616201340""",0,3.95,Algonquin Books,Hardcover,308,2018,2018,,2022/07/09,to-read,to-read (#193),to-read,,,,0,0
18144590,The Alchemist,Paulo Coelho,"Coelho, Paulo","Alan R. Clarke, James Noel Smith","=""0062315005""","=""9780062315007""",0,3.90,HarperOne,Paperback,175,2014,1988,,2022/07/09,to-read,to-read (#192),to-read,,,,0,0
32542,"A Time to Kill (Jake Brigance, #1)",John Grisham,"Grisham, John",,"=""""","=""""",0,4.10,Dell,Paperback,738,2004,1989,,2022/07/09,to-read,to-read (#191),to-read,,,,0,0
58651960,Funeral Girl,Emma K. Ohland,"Ohland, Emma K.",,"=""""","=""""",0,3.77,Lerner/Carolrhoda Lab,Kindle Edition,272,2022,2022,,2022/07/09,to-read,to-read (#190),to-read,,,,0,0
59436824,Not Your Child,Lis Angus,"Angus, Lis",,"=""""","=""9781509241194""",0,4.22,The Wild Rose Press,Nook,,2022,2022,,2022/07/09,to-read,to-read (#189),to-read,,,,0,0
59917933,The Blue Bar,Damyanti Biswas,"Biswas, Damyanti",,"=""1662503911""","=""9781662503917""",0,4.79,Thomas & Mercer,Paperback,396,2023,2023,,2022/07/09,to-read,to-read (#188),to-read,,,,0,0
59747507,Divine Vintage,Sandra L. Young,"Young, Sandra L.",,"=""""","=""9781509238248""",0,4.44,The Wild Rose Press,Paperback,292,2022,2022,,2022/07/09,to-read,to-read (#186),to-read,,,,0,0
58842731,The Lesbiana's Guide to Catholic School,Sonora Reyes,"Reyes, Sonora",,"=""006306023X""","=""9780063060234""",0,4.42,Balzer & Bray/Harperteen,Hardcover,400,2022,2022,,2022/07/09,to-read,to-read (#185),to-read,,,,0,0
56978089,"A Magic Steeped in Poison (The Book of Tea, #1)",Judy I. Lin,"Lin, Judy I.",,"=""1250767083""","=""9781250767080""",0,3.93,Feiwel and Friends,Hardcover,384,2022,2022,,2022/07/09,to-read,to-read (#184),to-read,,,,0,0
58802276,The Things We Lost,Maggie Giles,"Giles, Maggie",,"=""1990253040""","=""9781990253041""",0,4.10,Rising Action Publishing Collective,Paperback,376,2022,2022,,2022/07/09,to-read,to-read (#183),to-read,,,,0,0
57626046,Monsters Born and Made,Tanvi Berwah,"Berwah, Tanvi",,"=""1728247624""","=""9781728247625""",0,3.66,Sourcebooks Fire,Hardcover,352,2022,2022,,2022/07/09,to-read,to-read (#182),to-read,,,,0,0
57789637,"Daughter of the Moon Goddess (The Celestial Kingdom Duology, #1)",Sue Lynn Tan,"Tan, Sue Lynn",Kuri Huang,"=""0063031302""","=""9780063031302""",0,4.18,Harper Voyager,Hardcover,512,2022,2022,,2022/07/09,to-read,to-read (#181),to-read,,,,0,0
58724723,My Government Means to Kill Me,Rasheed Newson,"Newson, Rasheed",,"=""1250833523""","=""9781250833525""",0,4.27,Flatiron Books,Hardcover,288,2022,2022,,2022/07/09,to-read,to-read (#180),to-read,,,,0,0
57910643,Don't Cry for Me,Daniel     Black,"Black, Daniel",,"=""0369718801""","=""9780369718808""",0,4.35,Hanover Square Press,ebook,,2022,2022,,2022/07/09,to-read,to-read (#179),to-read,,,,0,0
55591342,What the Fireflies Knew,Kai Harris,"Harris, Kai",,"=""059318534X""","=""9780593185346""",0,3.86,Tiny Reparations Books,Hardcover,288,2022,2022,,2022/07/09,to-read,to-read (#178),to-read,,,,0,0
56648158,Night of the Living Rez: Stories,Morgan Talty,"Talty, Morgan",,"=""195353418X""","=""9781953534187""",0,4.10,Tin House Books,Paperback,296,2022,2022,,2022/07/09,to-read,to-read (#177),to-read,,,,0,0
55650158,Take My Hand,Dolen Perkins-Valdez,"Perkins-Valdez, Dolen",,"=""0593337697""","=""9780593337691""",0,4.42,Berkley,Hardcover,359,2022,2022,,2022/07/09,to-read,to-read (#176),to-read,,,,0,0
57846320,The School for Good Mothers,Jessamine Chan,"Chan, Jessamine",,"=""""","=""""",0,3.57,Simon & Schuster,Hardcover,336,2022,2022,,2022/07/09,to-read,to-read (#175),to-read,,,,0,0
57926137,Black Cake,Charmaine Wilkerson,"Wilkerson, Charmaine",,"=""""","=""""",0,4.16,Ballantine Books,Hardcover,385,2022,2022,,2022/07/09,to-read,to-read (#174),to-read,,,,0,0
57693233,"Last Seen Alive (Ellery Hathaway, #5)",Joanna Schaffhausen,"Schaffhausen, Joanna",,"=""1250249678""","=""9781250249678""",0,4.22,Minotaur Books,Hardcover,308,2022,2022,,2022/07/09,to-read,to-read (#173),to-read,,,,0,0
56803179,The Woman in the Library,Sulari Gentill,"Gentill, Sulari",,"=""""","=""""",0,3.55,Sourcebooks,ebook,292,2022,2022,,2022/07/09,to-read,to-read (#172),to-read,,,,0,0
58371432,The Book of Cold Cases,Simone St. James,"James, Simone St.",,"=""0440000211""","=""9780440000211""",0,3.83,Berkley,Hardcover,352,2022,2022,,2022/07/09,to-read,to-read (#172),to-read,,,,0,0
1225261,"No Time for Goodbye (No Time For Goodbye, #1)",Linwood Barclay,"Barclay, Linwood",,"=""055380555X""","=""9780553805550""",0,4.01,Bantam,Hardcover,338,2007,2007,,2022/07/09,,,read,,,,1,0
18079776,The Invention of Wings,Sue Monk Kidd,"Kidd, Sue Monk",,"=""0670024783""","=""9780670024780""",5,4.25,Viking,Hardcover,384,2014,2014,,2022/07/09,,,read,,,,1,0
15808816,A Higher Call: An Incredible True Story of Combat and Chivalry in the War-Torn Skies of World War II,Adam Makos,"Makos, Adam",Larry Alexander,"=""0425252868""","=""9780425252864""",5,4.31,Berkley,Hardcover,392,2012,2012,,2022/07/09,,,read,,,,1,0
22844188,A Good Marriage,Stephen King,"King, Stephen",Jessica Hecht,"=""""","=""""",0,3.84,Simon & Schuster Audio,Audible Audio,216,2014,2014,,2022/07/09,,,read,,,,1,0
36288143,Brotopia: Breaking Up the Boys' Club of Silicon Valley,Emily  Chang,"Chang, Emily",,"=""""","=""""",3,4.02,Portfolio,Kindle Edition,317,2018,2018,,2022/07/09,,,read,,,,1,0
36204301,"How Women Rise: Break the 12 Habits Holding You Back from Your Next Raise, Promotion, or Job",Sally Helgesen,"Helgesen, Sally",Marshall Goldsmith,"=""0316440124""","=""9780316440127""",2,4.14,Hachette Books,Hardcover,256,2018,2018,,2022/07/09,,,read,,,,1,0
18775247,"Mr. Mercedes (Bill Hodges Trilogy, #1)",Stephen King,"King, Stephen",,"=""1476754454""","=""9781476754451""",0,3.99,Scribner,Hardcover,437,2014,2014,,2022/07/09,,,read,,,,1,0
5197,A Lesson Before Dying,Ernest J. Gaines,"Gaines, Ernest J.",,"=""0375702709""","=""9780375702709""",4,3.97,Vintage,Paperback,256,1997,1993,,2022/07/09,,,read,,,,1,0
6319,The BFG,Roald Dahl,"Dahl, Roald",Quentin Blake,"=""0141311371""","=""9780141311371""",0,4.22,Puffin Books,Paperback,199,2001,1982,,2022/07/09,,,read,,,,1,0
22232,"Stargirl (Stargirl, #1)",Jerry Spinelli,"Spinelli, Jerry",,"=""0439488400""","=""9780439488402""",0,3.77,Scholastic,Paperback,186,2002,2000,,2022/07/09,,,read,,,,1,0
13536860,"Fifty Shades Freed (Fifty Shades, #3)",E.L. James,"James, E.L.",,"=""0345803507""","=""9780345803504""",0,3.84,Vintage Books,Paperback,579,2012,2012,,2022/07/09,,,read,,,,1,0
1420,Hamlet,William Shakespeare,"Shakespeare, William","Harold Bloom, André Gide, Rex Gibson, Israel Gollancz, Henry Norman Hudson, L.A. Sherman, Max J. Herzberg, Gregorio Martínez Sierra","=""0521618746""","=""9780521618748""",0,4.03,Cambridge University Press,Paperback,289,2005,1601,,2022/07/09,,,read,,,,1,0
3685,Black Beauty,Anna Sewell,"Sewell, Anna",Gail Carson Levine,"=""0439228905""","=""9780439228909""",0,3.98,Scholastic Paperbacks,Mass Market Paperback,245,2003,1877,,2022/07/09,,,read,,,,1,0
10959,Sophie's World,Jostein Gaarder,"Gaarder, Jostein","Paulette Møller, Eglė Išganaitytė- Paulauskienė","=""1857993284""","=""9781857993288""",0,3.95,Phoenix,Paperback,403,1995,1991,,2022/07/09,,,read,,,,1,0
7260188,"Mockingjay (The Hunger Games, #3)",Suzanne Collins,"Collins, Suzanne",,"=""0439023513""","=""9780439023511""",0,4.06,Scholastic Press,Hardcover,398,2010,2010,,2022/07/09,,,read,,,,1,0
46787,Uncle Tom's Cabin,Harriet Beecher Stowe,"Stowe, Harriet Beecher",,"=""""","=""""",0,3.89,Wordsworth Classics,Paperback,438,1999,1852,,2022/07/09,,,read,,,,1,0
39280444,Speak,Laurie Halse Anderson,"Anderson, Laurie Halse",,"=""0374311250""","=""9780374311254""",5,4.04,"Farrar, Straus and Giroux (Byr)",Hardcover,224,2019,1999,,2022/07/09,,,read,,,,1,0
493456,"Extras (Uglies, #4)",Scott Westerfeld,"Westerfeld, Scott",,"=""1416951172""","=""9781416951179""",0,3.60,Simon Pulse,Hardcover,417,2007,2006,,2022/07/09,,,read,,,,1,0
24765,"Specials (Uglies, #3)",Scott Westerfeld,"Westerfeld, Scott",,"=""0689865406""","=""9780689865404""",0,3.76,Simon Pulse,Hardcover,384,2006,2006,,2022/07/09,,,read,,,,1,0
24768,"Pretties (Uglies, #2)",Scott Westerfeld,"Westerfeld, Scott",,"=""0689865392""","=""9780689865398""",0,3.84,Simon Pulse,Paperback,370,2005,2005,,2022/07/09,,,read,,,,1,0
24770,"Uglies (Uglies, #1)",Scott Westerfeld,"Westerfeld, Scott",,"=""0689865384""","=""9780689865381""",0,3.85,Simon Pulse,Paperback,425,2005,2005,,2022/07/09,,,read,,,,1,0
1375,The Iliad / The Odyssey,Homer,"Homer, Homer","Robert Fagles, Bernard Knox","=""0147712556""","=""9780147712554""",0,4.06,Penguin Classics,Paperback,1556,1999,-800,,2022/07/09,,,read,,,,1,0
6148028,"Catching Fire (The Hunger Games, #2)",Suzanne Collins,"Collins, Suzanne",,"=""0439023491""","=""9780439023498""",0,4.30,Scholastic Press,Hardcover,391,2009,2009,,2022/07/09,,,read,,,,1,0
295,Treasure Island,Robert Louis Stevenson,"Stevenson, Robert Louis",N.C. Wyeth,"=""0753453800""","=""9780753453803""",0,3.84,Kingfisher,Hardcover,311,2001,1883,,2022/07/09,,,read,,,,1,0
7938275,"The Hunger Games Trilogy Boxset (The Hunger Games, #1-3)",Suzanne Collins,"Collins, Suzanne","Guillaume Fournier, Pilar Ramírez Tello, Hanna Hörl, Sylke Hachmeister, Peter Klöss","=""0545265355""","=""9780545265355""",0,4.48,Scholastic Press,Hardcover,1155,2010,2008,,2022/07/09,,,read,,,,1,0
100915,"The Lion, the Witch and the Wardrobe (Chronicles of Narnia, #1)",C.S. Lewis,"Lewis, C.S.","Tormod Haugen, Per Svein Paulsen","=""""","=""""",0,4.23,HarperCollins Publishers,Paperback,206,2005,1950,,2022/07/09,,,read,,,,1,0
10365,Where the Red Fern Grows,Wilson Rawls,"Rawls, Wilson",,"=""0375806814""","=""9780375806810""",0,4.10,Yearling,Mass Market Paperback,272,2000,1961,,2022/07/09,,,read,,,,1,0
15881,"Harry Potter and the Chamber of Secrets (Harry Potter, #2)",J.K. Rowling,"Rowling, J.K.",Mary GrandPré,"=""""","=""""",0,4.43,Arthur A. Levine Books,Hardcover,341,1999,1998,,2022/07/09,,,read,,,,1,0
153747,"Moby-Dick or, the Whale",Herman Melville,"Melville, Herman","Andrew Delbanco, Tom Quirk, William Hootkins, Rockwell Kent, Anton Lomaev","=""0142437247""","=""9780142437247""",0,3.53,Penguin Classics ,Paperback,654,2003,1851,,2022/07/09,,,read,,,,1,0
52036,Siddhartha,Hermann Hesse,"Hesse, Hermann","Hilda Rosner, Zigmantas Ardickas","=""""","=""""",0,4.05,Bantam Books,Mass Market Paperback,152,1981,1922,,2022/07/09,,,read,,,,1,0
5,"Harry Potter and the Prisoner of Azkaban (Harry Potter, #3)",J.K. Rowling,"Rowling, J.K.",Mary GrandPré,"=""043965548X""","=""9780439655484""",0,4.58,Scholastic Inc.,Mass Market Paperback,435,2004,1999,,2022/07/09,,,read,,,,1,0
39988,Matilda,Roald Dahl,"Dahl, Roald",Quentin Blake,"=""0141301066""","=""9780141301068""",0,4.33,Puffin Books,Paperback,240,1998,1988,,2022/07/09,,,read,,,,1,0
1934,Little Women,Louisa May Alcott,"Alcott, Louisa May","Regina Barreca, Grzegorz Komerski, Marta Fihel","=""""","=""""",0,4.13,Signet Classics,Paperback,449,2004,1868,,2022/07/09,,,read,,,,1,0
2956,The Adventures of Huckleberry Finn,Mark Twain,"Twain, Mark","Guy Cardwell, E.W. Kemble, John Seelye, Walter Trier, Tom Wilson, William Little Hughes","=""0142437174""","=""9780142437179""",0,3.83,Penguin Classics,Paperback,327,2002,1884,,2022/07/09,,,read,,,,1,0
33574273,"A Wrinkle in Time (Time Quintet, #1)",Madeleine L'Engle,"L'Engle, Madeleine",,"=""1250153271""","=""9781250153272""",0,3.99,Square Fish,Paperback,218,2017,1962,,2022/07/09,,,read,,,,1,0
5129,Brave New World,Aldous Huxley,"Huxley, Aldous",,"=""0060929871""","=""9780060929879""",0,3.99,HarperPerennial / Perennial Classics,Paperback,268,1998,1932,,2022/07/09,,,read,,,,1,0
386162,"The Hitchhiker's Guide to the Galaxy (Hitchhiker's Guide to the Galaxy, #1)",Douglas Adams,"Adams, Douglas",,"=""""","=""""",0,4.23,Del Rey,Paperback,193,2007,1979,,2022/07/09,,,read,,,,1,0
7624,Lord of the Flies,William Golding,"Golding, William",,"=""0140283331""","=""9780140283334""",0,3.69,Penguin Books ,Paperback,182,1999,1954,,2020/09/27,,,read,,,,1,0
157993,The Little Prince,Antoine de Saint-Exupéry,"Saint-Exupéry, Antoine de",Richard Howard,"=""""","=""""",0,4.32,"Harcourt, Inc.",Paperback,96,2000,1943,,2022/07/09,,,read,,,,1,0
22628,The Perks of Being a Wallflower,Stephen Chbosky,"Chbosky, Stephen",Ellen Karine Berg,"=""""","=""""",0,4.22,MTV Books/Pocket Books,Paperback,213,1999,1999,,2022/07/09,,,read,,,,1,0
370493,The Giving Tree,Shel Silverstein,"Silverstein, Shel",,"=""0060256656""","=""9780060256654""",0,4.37,HarperCollins Publishers,Hardcover,64,1964,1964,,2022/07/09,,,read,,,,1,0
18135,Romeo and Juliet,William Shakespeare,"Shakespeare, William",,"=""""","=""""",0,3.74,Washington Square Press,Mass Market Paperback,281,2002,1597,,2020/09/27,,,read,,,,1,0
24178,Charlotte's Web,E.B. White,"White, E.B.","Garth Williams, Rosemary Wells","=""0064410935""","=""9780064410939""",0,4.19,HarperCollinsPublishers,Paperback,184,2001,1952,,2022/07/09,,,read,,,,1,0
1381,The Odyssey,Homer,"Homer, Homer","Robert Fagles, Andrew Lang, Samuel Butler, George Chapman, Bernard Knox, Philip Stanhope Worsley, William Walter Merry, Ιάκωβος Πολυλάς, Otmar Vaňorný","=""0143039954""","=""9780143039952""",0,3.79,Penguin Classics ,Paperback,541,2006,-700,,2022/07/09,,,read,,,,1,0
485894,The Metamorphosis,Franz Kafka,"Kafka, Franz",Stanley Corngold,"=""""","=""""",0,3.84,Bantam Classics,Paperback,201,1972,1915,,2022/07/09,,,read,,,,1,0
38709,"Holes (Holes, #1)",Louis Sachar,"Sachar, Louis",,"=""0439244196""","=""9780439244190""",0,3.99,Scholastic,Paperback,233,2000,1998,,2022/07/09,,,read,,,,1,0
1923820,The Holy Bible: King James Version,Anonymous,"Anonymous, Anonymous",,"=""""","=""""",0,4.42,,Hardcover,1590,2008,1611,,2022/07/09,,,read,,,,1,0
1622,A Midsummer Night's Dream,William Shakespeare,"Shakespeare, William","Paul Werstine, Alan Durband, Roma Gill, Catherine Belsey, A.R. Braunmuller, Barbara A. Mowat","=""0743477545""","=""9780743477543""",0,3.95,Simon & Schuster Paperbacks,Paperback,240,2016,1595,,2022/07/09,,,read,,,,1,0
13079982,Fahrenheit 451,Ray Bradbury,"Bradbury, Ray",,"=""""","=""""",0,3.98,Simon & Schuster,Kindle Edition,194,2011,1953,,2022/07/09,,,read,,,,1,0
8852,Macbeth,William Shakespeare,"Shakespeare, William",,"=""0743477103""","=""9780743477109""",0,3.90,Simon & Schuster,Paperback,249,2013,1606,,2022/07/09,,,read,,,,1,0
332613,One Flew Over the Cuckoo's Nest,Ken Kesey,"Kesey, Ken",Vytautas Petrukaitis,"=""""","=""""",0,4.20,Signet,Mass Market Paperback,325,1963,1962,,2022/07/09,,,read,,,,1,0
5479,Brave New World / Brave New World Revisited,Aldous Huxley,"Huxley, Aldous",Christopher Hitchens,"=""0060776099""","=""9780060776091""",3,4.16,Harper Perennial Modern Classics,Paperback,340,2005,1958,,2020/09/27,,,read,,,,1,0
228560,Sophie's Choice,William Styron,"Styron, William",,"=""0679736379""","=""9780679736370""",0,4.18,Vintage Books,Paperback,562,1992,1979,,2022/07/09,,,read,,,,1,0
35133922,Educated,Tara Westover,"Westover, Tara",,"=""""","=""""",0,4.47,Random House,Hardcover,352,2018,2018,,2022/07/09,to-read,to-read (#171),to-read,,,,0,0
32692,Gerald's Game,Stephen King,"King, Stephen",,"=""0831727527""","=""9780831727529""",1,3.56,Smithmark Publishers,Hardcover,332,1992,1992,,2022/07/09,,,read,,,,1,0
4894,Who Moved My Cheese?,Spencer Johnson,"Johnson, Spencer",Kenneth H. Blanchard,"=""0091883768""","=""9780091883768""",0,3.85,Vermilion,Hardcover,96,2002,1999,,2022/06/22,to-read,to-read (#170),to-read,,,,0,0
23966,Filth,Irvine Welsh,"Welsh, Irvine",,"=""0393318680""","=""9780393318685""",0,3.80,W. W. Norton  Company,Paperback,393,1998,1998,,2022/05/17,to-read,to-read (#169),to-read,,,,0,0
52373510,Gone to See the River Man,Kristopher Triana,"Triana, Kristopher",,"=""""","=""""",0,3.73,Cemetery Dance Publications,Kindle Edition,182,2020,2020,,2022/05/17,to-read,to-read (#168),to-read,,,,0,0
55801220,The First Day of Spring,Nancy Tucker,"Tucker, Nancy",,"=""0593191560""","=""9780593191569""",0,3.98,Riverhead Books,Hardcover,352,2021,2021,,2022/05/17,to-read,to-read (#167),to-read,,,,0,0
40886917,The Perfect Child,Lucinda Berry,"Berry, Lucinda",,"=""""","=""""",0,4.10,Thomas & Mercer,Kindle Edition,371,2019,2019,,2022/05/17,to-read,to-read (#166),to-read,,,,0,0
36300625,99 Percent Mine,Sally  Thorne,"Thorne, Sally",,"=""0062439626""","=""9780062439628""",2,3.39,William Morrow Paperbacks,Hardcover,368,2019,2019,,2022/03/12,,,read,,,,1,0
54860443,One Last Stop,Casey McQuiston,"McQuiston, Casey",,"=""1250244498""","=""9781250244499""",1,4.01,St. Martin's Griffin,Paperback,418,2021,2021,,2021/09/22,started-and-hated,started-and-hated (#1),read,,,,1,0
8520610,Quiet: The Power of Introverts in a World That Can't Stop Talking,Susan Cain,"Cain, Susan",,"=""0307352145""","=""9780307352149""",0,4.07,"Crown Publishing Group/Random House, Inc.",Hardcover,333,2012,2012,,2022/05/11,to-read,to-read (#165),to-read,,,,0,0
58734811,Bittersweet: How Sorrow and Longing Make Us Whole,Susan Cain,"Cain, Susan",,"=""0451499786""","=""9780451499783""",0,4.02,Crown,Hardcover,310,2022,2022,,2022/05/11,to-read,to-read (#164),to-read,,,,0,0
59761332,"The Sunday Scaries: 35 Invitations to See Beauty, Embrace Mystery, and Cultivate Play",David Cary Lane,"Lane, David Cary",,"=""""","=""9798485645984""",0,4.75,,Paperback,,2021,,,2022/05/11,to-read,to-read (#163),to-read,,,,0,0
57577284,Part of Your World,Abby Jimenez,"Jimenez, Abby","Julia Whelan, Zachary Webber","=""1549135120""","=""9781549135125""",0,4.41,Forever,Audiobook,12,2022,2022,,2022/05/11,to-read,to-read (#162),to-read,,,,0,0
6334,Never Let Me Go,Kazuo Ishiguro,"Ishiguro, Kazuo",,"=""""","=""""",0,3.84,Vintage Books ,Paperback,288,2010,2005,,2022/05/11,to-read,to-read (#161),to-read,,,,0,0
55659629,"It Happened One Summer (Bellinger Sisters, #1)",Tessa Bailey,"Bailey, Tessa",,"=""0063045656""","=""9780063045651""",0,4.07,Avon,Paperback,397,2021,2021,,2022/05/11,to-read,to-read (#160),to-read,,,,0,0
30095464,"The Bone Witch (The Bone Witch, #1)",Rin Chupeco,"Chupeco, Rin",,"=""1492635820""","=""9781492635826""",0,3.71,Sourcebooks Fire,Hardcover,411,2017,2017,,2022/05/11,to-read,to-read (#159),to-read,,,,0,0
236066,"Bananas, Beaches and Bases: Making Feminist Sense of International Politics",Cynthia Enloe,"Enloe, Cynthia",,"=""0520229126""","=""9780520229129""",0,4.17,University of California Press,Paperback,263,2001,1990,,2022/05/11,to-read,to-read (#158),to-read,,,,0,0
311977,"Women, Politics, and Power: A Global Perspective (Sociology for a New Century)",Pamela M. Paxton,"Paxton, Pamela M.",Melanie M. Hughes,"=""1412927420""","=""9781412927420""",0,3.95,Sage Publications (CA),Paperback,379,2007,2007,,2022/05/11,to-read,to-read (#157),to-read,,,,0,0
36722186,Revisiting Gendered States: Feminist Imaginings of the State in International Relations,Swati Parashar,"Parashar, Swati",,"=""0190644044""","=""9780190644048""",0,4.00,"Oxford University Press, USA",Paperback,258,2018,,,2022/05/11,to-read,to-read (#156),to-read,,,,0,0
41104077,Invisible Women: Data Bias in a World Designed for Men,Caroline Criado Pérez,"Pérez, Caroline Criado",,"=""1419729071""","=""9781419729072""",0,4.37,Abrams Press,Hardcover,411,2019,2019,,2022/05/11,to-read,to-read (#155),to-read,,,,0,0
228510,Masculinities,Raewyn W. Connell,"Connell, Raewyn W.",,"=""0745634273""","=""9780745634272""",0,4.02,Polity Press,Paperback,324,2006,1999,,2022/05/11,to-read,to-read (#154),to-read,,,,0,0
56143578,Apples Never Fall,Liane Moriarty,"Moriarty, Liane",,"=""1250220254""","=""9781250220257""",0,3.81,Henry Holt and Co.,Hardcover,467,2021,2021,,2022/05/11,to-read,to-read (#153),to-read,,,,0,0
54981009,The Last Thing He Told Me,Laura Dave,"Dave, Laura",,"=""""","=""""",0,3.88,Simon & Schuster,Hardcover,320,2021,2021,,2022/05/11,to-read,to-read (#152),to-read,,,,0,0
52149789,The Best of Friends,Lucinda Berry,"Berry, Lucinda",,"=""""","=""""",0,4.06,Thomas & Mercer,Kindle Edition,281,2020,2020,,2022/03/27,to-read,to-read (#151),to-read,,,,0,0
54496090,The Betrayal of Anne Frank: A Cold Case Investigation,Rosemary Sullivan,"Sullivan, Rosemary",,"=""0062892355""","=""9780062892355""",0,3.84,Harper,Hardcover,400,2022,2022,,2022/03/27,to-read,to-read (#150),to-read,,,,0,0
4099,The Pragmatic Programmer: From Journeyman to Master,Andy Hunt,"Hunt, Andy",Dave Thomas,"=""020161622X""","=""9780201616224""",0,4.33,Addison-Wesley Professional,Paperback,321,1999,1999,,2022/03/27,to-read,to-read (#149),to-read,,,,0,0
56625088,Forever Young,Hayley Mills,"Mills, Hayley",,"=""""","=""""",0,3.84,Grand Central Publishing,Hardcover,384,2021,2021,,2022/03/27,to-read,to-read (#148),to-read,,,,0,0
56236716,The Highland Fling,Meghan Quinn,"Quinn, Meghan",,"=""""","=""""",0,4.08,Montlake,Kindle Edition,349,2021,2021,,2022/03/27,to-read,to-read (#147),to-read,,,,0,0
55664968,Survive the Night,Riley Sager,"Sager, Riley",,"=""""","=""""",1,3.51,Dutton,Kindle Edition,335,2021,2021,,2021/09/22,,,read,,,,1,0
53450790,The Perfect Marriage,Jeneva Rose,"Rose, Jeneva",,"=""1913419657""","=""9781913419653""",2,4.05,Bloodhound Books,Paperback,342,2020,2020,,2022/03/27,,,read,,,,1,0
7352053,"My Name Is Mary Sutter (Mary Sutter, #1)",Robin Oliveira,"Oliveira, Robin",,"=""0670021679""","=""9780670021673""",0,3.83,Viking,Hardcover,364,2010,2010,,2022/03/14,to-read,to-read (#146),to-read,,,,0,0
35876392,"Winter Sisters (Mary Sutter, #2)",Robin Oliveira,"Oliveira, Robin",,"=""039956425X""","=""9780399564253""",0,4.10,Viking,Hardcover,416,2018,2018,,2022/03/14,to-read,to-read (#145),to-read,,,,0,0
35068432,I'll Be Gone in the Dark: One Woman's Obsessive Search for the Golden State Killer,Michelle McNamara,"McNamara, Michelle","Gillian Flynn, Patton Oswalt","=""0062319809""","=""9780062319807""",0,4.12,Harper,ebook,352,2018,2018,,2022/03/12,to-read,to-read (#143),to-read,,,,0,0
902,The Westing Game,Ellen Raskin,"Raskin, Ellen",,"=""014240120X""","=""9780142401200""",0,4.01,Puffin,Paperback,182,2004,1978,,2022/03/12,to-read,to-read (#142),to-read,,,,0,0
2429135,"The Girl with the Dragon Tattoo (Millennium, #1)",Stieg Larsson,"Larsson, Stieg",Reg Keeland,"=""""","=""""",1,4.16,Knopf,Hardcover,480,2008,2005,,2020/09/27,to-read,to-read (#141),to-read,,,,1,0
22919017,Hooked: How to Build Habit-Forming Products,Nir   Eyal,"Eyal, Nir",Ryan Hoover,"=""""","=""""",0,4.10,Portfolio,Kindle Edition,256,2014,2013,,2021/07/25,to-read,to-read (#140),to-read,,,,0,0
57569943,The Housemaid,Sarah A. Denzil,"Denzil, Sarah A.",,"=""""","=""""",0,3.73,,Kindle Edition,296,2021,2021,,2022/03/12,to-read,to-read (#139),to-read,,,,0,0
6668467,Winter Garden,Kristin Hannah,"Hannah, Kristin",,"=""0312364121""","=""9780312364120""",0,4.23,St. Martin's Press,Hardcover,394,2010,2010,,2022/03/12,to-read,to-read (#138),to-read,,,,0,0
1472878,"Firefly Lane (Firefly Lane, #1)",Kristin Hannah,"Hannah, Kristin",,"=""0312364083""","=""9780312364083""",5,4.14,St. Martin's Press,Hardcover,479,2008,2008,,2022/03/12,,,read,,,,1,0
34912895,The Great Alone,Kristin Hannah,"Hannah, Kristin",,"=""""","=""""",0,4.38,St. Martin's Press,Kindle Edition,435,2018,2018,,2022/03/12,to-read,to-read (#137),to-read,,,,0,0
21853621,The Nightingale,Kristin Hannah,"Hannah, Kristin",,"=""0312577222""","=""9780312577223""",0,4.59,St. Martin's Press,Hardcover,440,2015,2015,,2022/03/12,to-read,to-read (#136),to-read,,,,0,0
58438562,Girls Can Kiss Now: Essays,Jill Gutowitz,"Gutowitz, Jill",,"=""1982158506""","=""9781982158507""",0,3.93,Atria Books,Paperback,240,2022,2022,,2022/03/12,to-read,to-read (#135),to-read,,,,0,0
58454255,Truth and Other Lies,Maggie           Smith,"Smith, Maggie",,"=""1645382621""","=""9781645382621""",0,3.73,Ten16 Press,Paperback,356,2022,2022,,2022/03/12,to-read,to-read (#134),to-read,,,,0,0
58310680,Like a Sister,Kellye Garrett,"Garrett, Kellye",,"=""0316256706""","=""9780316256704""",0,3.28,Mulholland Books,Hardcover,336,2022,2022,,2022/03/12,to-read,to-read (#133),to-read,,,,0,0
57693416,The Golden Couple,Greer Hendricks,"Hendricks, Greer",Sarah Pekkanen,"=""125027320X""","=""9781250273208""",0,4.02,St. Martin's Press,Hardcover,336,2022,2022,,2022/03/12,to-read,to-read (#132),to-read,,,,0,0
58836902,My Husband's Fiancee (My Husband's Fiancee #1),Wendy Owens,"Owens, Wendy",,"=""""","=""""",0,4.11,,Kindle Edition,242,2021,2021,,2022/03/12,to-read,to-read (#131),to-read,,,,0,0
58587864,Insomnia,Sarah Pinborough,"Pinborough, Sarah",,"=""0062856847""","=""9780062856845""",0,3.65,William Morrow & Company,Hardcover,322,2022,2022,,2022/03/12,to-read,to-read (#130),to-read,,,,0,0
30654172,"The Vanishing Season (Ellery Hathaway, #1)",Joanna Schaffhausen,"Schaffhausen, Joanna",,"=""1250126045""","=""9781250126047""",0,3.80,Minotaur Books,Hardcover,274,2017,2017,,2022/03/12,to-read,to-read (#128),to-read,,,,0,0
56269163,A Taste for Poison: Eleven Deadly Molecules and the Killers Who Used Them,Neil Bradbury,"Bradbury, Neil",,"=""1250270758""","=""9781250270757""",0,4.13,St. Martin's Press,Hardcover,304,2022,2022,,2022/03/12,to-read,to-read (#127),to-read,,,,0,0
54558756,Queen of the Tiles,Hanna Alkaf,"Alkaf, Hanna",,"=""""","=""""",0,3.77,Salaam Reads / Simon & Schuster Books for Young Readers,Kindle Edition,320,2022,2022,,2022/03/12,to-read,to-read (#126),to-read,,,,0,0
58468990,The Paris Apartment,Lucy Foley,"Foley, Lucy",,"=""0063003058""","=""9780063003057""",0,3.69,William Morrow,Hardcover,360,2022,2022,,2022/03/12,to-read,to-read (#125),to-read,,,,0,0
59345249,The It Girl,Ruth Ware,"Ware, Ruth",,"=""1982155264""","=""9781982155261""",0,3.90,Scout Press,Hardcover,423,2022,2022,,2022/03/12,to-read,to-read (#124),to-read,,,,0,0
13623848,The Song of Achilles,Madeline Miller,"Miller, Madeline",,"=""""","=""""",0,4.38,Ecco,Paperback,378,2012,2011,,2022/03/12,to-read,to-read (#123),to-read,,,,0,0
54814676,Crying in H Mart,Michelle Zauner,"Zauner, Michelle",,"=""0525657746""","=""9780525657743""",0,4.30,Knopf Publishing Group,Hardcover,242,2021,2021,,2022/03/12,to-read,to-read (#122),to-read,,,,0,0
17927395,"A Court of Mist and Fury (A Court of Thorns and Roses, #2)",Sarah J. Maas,"Maas, Sarah J.",,"=""""","=""""",0,4.62,Bloomsbury USA Childrens,Kindle Edition,626,2016,2016,,2022/03/12,to-read,to-read (#121),to-read,,,,0,0
57701764,Wish You Were Here,Jodi Picoult,"Picoult, Jodi",,"=""1984818414""","=""9781984818416""",0,4.00,Ballantine Books,Hardcover,310,2021,2021,,2022/03/12,to-read,to-read (#120),to-read,,,,0,0
16096824,"A Court of Thorns and Roses (A Court of Thorns and Roses, #1)",Sarah J. Maas,"Maas, Sarah J.",,"=""1619634449""","=""9781619634442""",0,4.19,Bloomsbury USA Childrens,Hardcover,432,2015,2015,,2022/03/12,to-read,to-read (#119),to-read,,,,0,0
40097951,The Silent Patient,Alex Michaelides,"Michaelides, Alex",,"=""1250301696""","=""9781250301697""",0,4.17,Celadon Books,Hardcover,325,2019,2019,,2022/03/12,to-read,to-read (#118),to-read,,,,0,0
57109107,The Lincoln Highway,Amor Towles,"Towles, Amor",,"=""0735222355""","=""9780735222359""",0,4.26,Viking,Hardcover,576,2021,2021,,2022/03/12,to-read,to-read (#117),to-read,,,,0,0
55404546,Malibu Rising,Taylor Jenkins Reid,"Reid, Taylor Jenkins",,"=""""","=""""",0,4.09,Ballantine Books,Hardcover,369,2021,2021,,2022/03/12,to-read,to-read (#116),to-read,,,,0,0
55196813,The Maid,Nita Prose,"Prose, Nita",,"=""""","=""""",0,3.86,Ballantine Books,Hardcover,304,2022,2022,,2022/03/12,to-read,to-read (#115),to-read,,,,0,0
24445517,"Maybe Someday (Maybe, #1)",Colleen Hoover,"Hoover, Colleen",,"=""""","=""""",0,4.16,Atria Books,Kindle Edition,385,2014,2014,,2022/03/12,to-read,to-read (#114),to-read,,,,0,0
34324605,Confess,Colleen Hoover,"Hoover, Colleen",,"=""1501176838""","=""9781501176838""",0,4.20,Atria Books,Paperback,320,2017,2015,,2022/03/12,to-read,to-read (#113),to-read,,,,0,0
25111004,November 9,Colleen Hoover,"Hoover, Colleen",,"=""1501110349""","=""9781501110344""",0,4.29,Atria Books,Paperback,310,2015,2015,,2022/03/12,to-read,to-read (#112),to-read,,,,0,0
17788401,Ugly Love,Colleen Hoover,"Hoover, Colleen",,"=""""","=""""",0,4.22,Atria Books,Kindle Edition,337,2014,2014,,2022/03/12,to-read,to-read (#111),to-read,,,,0,0
59344312,Verity,Colleen Hoover,"Hoover, Colleen",,"=""""","=""9781538724743""",0,4.42,Grand Central Publishing,Paperback,336,2021,2018,,2022/03/12,to-read,to-read (#110),to-read,,,,0,0
27362503,It Ends with Us,Colleen Hoover,"Hoover, Colleen",,"=""""","=""""",0,4.38,Atria Books,Kindle Edition,385,2016,2016,,2022/03/12,to-read,to-read (#109),to-read,,,,0,0
58341222,Reminders of Him,Colleen Hoover,"Hoover, Colleen",,"=""""","=""""",0,4.52,Montlake,Kindle Edition,335,2022,2022,,2022/03/12,to-read,to-read (#108),to-read,,,,0,0
59230711,Blind Spot,Paula Hawkins,"Hawkins, Paula",,"=""""","=""""",0,3.58,Transworld Digital,Kindle Edition,125,2022,2022,,2022/03/12,to-read,to-read (#107),to-read,,,,0,0
56213354,A Slow Fire Burning,Paula Hawkins,"Hawkins, Paula",,"=""073521123X""","=""9780735211230""",0,3.50,Riverhead Books,Hardcover,307,2021,2021,,2022/03/12,to-read,to-read (#106),to-read,,,,0,0
33151805,Into the Water,Paula Hawkins,"Hawkins, Paula",,"=""0735211205""","=""9780735211209""",0,3.59,Riverhead Books,Hardcover,386,2017,2017,,2022/03/12,to-read,to-read (#105),to-read,,,,0,0
50700802,The Book of Two Ways,Jodi Picoult,"Picoult, Jodi",,"=""""","=""""",0,3.66,Ballantine Books,Kindle Edition,422,2020,2020,,2022/03/12,to-read,to-read (#104),to-read,,,,0,0
50196744,Know My Name,Chanel Miller,"Miller, Chanel",,"=""0735223718""","=""9780735223714""",0,4.72,Viking,ebook,384,2019,2019,,2022/03/12,to-read,to-read (#103),to-read,,,,0,0
58262041,The Tobacco Wives,Adele Myers,"Myers, Adele",,"=""0063082934""","=""9780063082939""",0,3.81,William Morrow & Company,Hardcover,344,2022,2022,,2022/03/12,to-read,to-read (#102),to-read,,,,0,0
36525023,Women & Power: A Manifesto,Mary Beard,"Beard, Mary",,"=""1631494759""","=""9781631494758""",0,4.03,Liveright,Hardcover,115,2017,2017,,2022/03/12,to-read,to-read (#101),to-read,,,,0,0
55169040,We Are the Brennans,Tracey Lange,"Lange, Tracey",,"=""1250796229""","=""9781250796226""",0,3.85,Celadon Books,Hardcover,288,2021,2021,,2022/03/12,to-read,to-read (#100),to-read,,,,0,0
55467800,That Summer,Jennifer Weiner,"Weiner, Jennifer",,"=""1501133543""","=""9781501133541""",0,3.70,Atria Books,Hardcover,432,2021,2021,,2022/03/12,to-read,to-read (#99),to-read,,,,0,0
54508798,The Guncle,Steven  Rowley,"Rowley, Steven",,"=""0525542280""","=""9780525542285""",0,4.18,G.P. Putnam's Sons,Hardcover,326,2021,2021,,2022/03/12,to-read,to-read (#98),to-read,,,,0,0
58698241,The Paper Palace,Miranda Cowley Heller,"Heller, Miranda Cowley",,"=""0593329821""","=""9780593329825""",0,3.87,Riverhead Books,Hardcover,400,2021,2021,,2022/03/12,to-read,to-read (#97),to-read,,,,0,0
54860573,Once There Were Wolves,Charlotte McConaghy,"McConaghy, Charlotte",,"=""1250244145""","=""9781250244147""",0,4.15,Flatiron Books,Hardcover,258,2021,2021,,2022/03/12,to-read,to-read (#96),to-read,,,,0,0
56597885,"Beautiful World, Where Are You",Sally Rooney,"Rooney, Sally",,"=""0374602603""","=""9780374602604""",0,3.59,"Farrar, Straus and Giroux",Hardcover,356,2021,2021,,2022/03/12,to-read,to-read (#95),to-read,,,,0,0
53138081,The Four Winds,Kristin Hannah,"Hannah, Kristin",,"=""""","=""""",5,4.31,St. Martin's Press,Hardcover,464,2021,2021,2022/03/12,2022/03/12,,,read,Breathtaking from start to finish. Kristin Hannah has a magical way of starting a fire slowly and steadily that roars in your heart by the closing chapters. ,,,1,0
1197158,Whose Names Are Unknown,Sanora Babb,"Babb, Sanora",Lawrence R. Rodgers,"=""0806137126""","=""9780806137124""",0,4.09,University of Oklahoma Press,Paperback,222,2006,2004,,2022/03/12,to-read,to-read (#94),to-read,,,,0,0
619962,And Playing the Role of Herself,K.E.  Lane,"Lane, K.E.",,"=""1932300724""","=""9781932300727""",0,4.24,Regal Crest Enterprises - Yellow Rose Books,Paperback,336,2007,2007,,2021/09/22,to-read,to-read (#93),to-read,,,,0,0
52258,The Price of Salt,Patricia Highsmith,"Highsmith, Patricia",Claire  Morgan,"=""0393325997""","=""9780393325997""",0,4.00,W.W. Norton & Company,Paperback,292,2004,1952,,2021/09/22,to-read,to-read (#92),to-read,,,,0,0
595375,Annie on My Mind,Nancy Garden,"Garden, Nancy",,"=""0374404143""","=""9780374404147""",0,4.01,"Farrar, Straus and Giroux (BYR)",Paperback,234,1992,1982,,2021/09/22,to-read,to-read (#91),to-read,,,,0,0
52079610,The End of Bias: A Beginning,Jessica Nordell,"Nordell, Jessica",,"=""1250186188""","=""9781250186188""",0,4.24,Metropolitan Books,Hardcover,320,2021,2021,,2021/09/22,to-read,to-read (#90),to-read,,,,0,0
53317339,"Last Call: A True Story of Love, Lust, and Murder in Queer New York",Elon Green,"Green, Elon",,"=""1250224357""","=""9781250224354""",0,3.85,Celadon Books,Hardcover,258,2021,2021,,2021/09/22,to-read,to-read (#89),to-read,,,,0,0
45416596,The Seven Husbands of Evelyn Hugo,Taylor Jenkins Reid,"Reid, Taylor Jenkins",,"=""""","=""""",0,4.47,Washington Square Press,Kindle Edition,398,2017,2017,,2021/09/22,to-read,to-read (#88),to-read,,,,0,0
56238004,The Good Lie,A.R. Torre,"Torre, A.R.",,"=""""","=""""",0,4.22,Thomas & Mercer,Kindle Edition,254,2021,2021,,2021/09/22,to-read,to-read (#87),to-read,,,,0,0
49744485,The Burnout Generation,Anne Helen Petersen,"Petersen, Anne Helen",,"=""""","=""""",0,3.20,Audible Original ,Audible Audio,,2019,2019,,2021/09/22,to-read,to-read (#86),to-read,,,,0,0
29981261,"The Butterfly Garden  (The Collector, #1)",Dot Hutchison,"Hutchison, Dot",,"=""""","=""""",0,4.06,Thomas & Mercer,Kindle Edition,288,2016,2016,,2021/09/22,to-read,to-read (#85),to-read,,,,0,0
40121378,Atomic Habits: An Easy & Proven Way to Build Good Habits & Break Bad Ones,James Clear,"Clear, James",,"=""""","=""""",0,4.38,Avery,Kindle Edition,319,2018,2018,,2021/09/22,to-read,to-read (#84),to-read,,,,0,0
33516773,Big Little Lies,Liane Moriarty,"Moriarty, Liane",,"=""0399587195""","=""9780399587191""",3,4.30,Berkley Books,Paperback,460,2017,2014,,2020/09/27,,,read,,,,1,0
17255186,"The Phoenix Project: A Novel About IT, DevOps, and Helping Your Business Win",Gene Kim,"Kim, Gene","Kevin Behr, George Spafford","=""0988262592""","=""9780988262591""",1,4.27,IT Revolution Press,Hardcover,345,2013,2013,,2021/01/01,,,read,,,,1,0
54755326,Duty of Care: One NHS Doctor's Story of the COVID-19 Crisis,Dominic Pimenta,"Pimenta, Dominic",,"=""""","=""""",0,4.12,Welbeck Publishing Group Ltd,Kindle Edition,320,2020,2020,,2021/01/02,to-read,to-read (#83),to-read,,,,0,0
43726564,"The Stoic Challenge: A Philosopher's Guide to Becoming Tougher, Calmer, and More Resilient",William B. Irvine,"Irvine, William B.",,"=""0393652491""","=""9780393652499""",0,3.71,W. W. Norton  Company,Hardcover,192,2019,2019,,2021/01/02,to-read,to-read (#82),to-read,,,,0,0
39996759,A Philosophy of Software Design,John Ousterhout,"Ousterhout, John",,"=""1732102201""","=""9781732102200""",0,4.19,Yaknyam Press,Paperback,190,2018,2018,,2021/01/01,to-read,to-read (#81),to-read,,,,0,0
7789280,C# in Depth,Jon Skeet,"Skeet, Jon",,"=""1935182471""","=""9781935182474""",0,4.51,Manning Publications,Paperback,554,2010,2008,,2021/01/01,to-read,to-read (#80),to-read,,,,0,0
25666050,Algorithms to Live By: The Computer Science of Human Decisions,Brian Christian,"Christian, Brian",Tom  Griffiths,"=""1627790365""","=""9781627790369""",0,4.13,Henry Holt and Co.,Hardcover,368,2016,2016,,2021/01/01,to-read,to-read (#79),to-read,,,,0,0
85041,Refactoring to Patterns,Joshua Kerievsky,"Kerievsky, Joshua","Martin Fowler, Ralph Johnson","=""0321213351""","=""0785342213355""",0,4.05,Addison-Wesley Professional,Hardcover,400,2004,2004,,2021/01/01,to-read,to-read (#78),to-read,,,,0,0
7003902,97 Things Every Programmer Should Know: Collective Wisdom from the Experts,Kevlin Henney,"Henney, Kevlin",Stephen P. Berczuk,"=""0596809484""","=""9780596809485""",0,3.64,"O'Reilly Media, Inc.",Paperback,258,2010,2010,,2021/01/01,to-read,to-read (#77),to-read,,,,0,0
1032758,The Practice of Programming (Addison-Wesley Professional Computing Series),Brian W. Kernighan,"Kernighan, Brian W.",Rob Pike,"=""020161586X""","=""9780201615869""",0,4.12,Addison-Wesley,Paperback,288,1999,1999,,2021/01/01,to-read,to-read (#76),to-read,,,,0,0
6518085,Pro Git,Scott Chacon,"Chacon, Scott",,"=""1430218339""","=""9781430218333""",0,4.17,Apress,Paperback,290,2009,2009,,2021/01/01,to-read,to-read (#75),to-read,,,,0,0
387190,Test-Driven Development: By Example,Kent Beck,"Beck, Kent",,"=""0321146530""","=""9780321146533""",0,4.09,Addison-Wesley Professional,Paperback,216,2002,2002,,2021/01/01,to-read,to-read (#74),to-read,,,,0,0
41161884,"Write Great Code, Volume 3: Engineering Software",Randall Hyde,"Hyde, Randall",,"=""1593279795""","=""9781593279790""",0,3.50,No Starch Press,Paperback,512,2020,,,2021/01/01,to-read,to-read (#73),to-read,,,,0,0
1063671,"Write Great Code: Volume 2: Thinking Low-Level, Writing High-Level",Randall Hyde,"Hyde, Randall",,"=""1593270658""","=""9781593270650""",0,4.03,Penguin Random House LLC (No Starch),Paperback,642,2006,2006,,2021/01/01,to-read,to-read (#72),to-read,,,,0,0
44949,Write Great Code: Volume 1: Understanding the Machine,Randall Hyde,"Hyde, Randall",,"=""1593270038""","=""9781593270032""",0,3.94,No Starch Press,Paperback,456,2004,2004,,2021/01/01,to-read,to-read (#71),to-read,,,,0,0
28257707,The Subtle Art of Not Giving a F*ck: A Counterintuitive Approach to Living a Good Life,Mark Manson,"Manson, Mark",,"=""""","=""""",1,3.91,Harper,Paperback,212,2016,2016,,2020/09/27,,,read,,,,1,0
45874065,"A Good Girl's Guide to Murder (A Good Girl's Guide to Murder, #1)",Holly  Jackson,"Jackson, Holly",,"=""1984896369""","=""9781984896360""",0,4.36,Delacorte Press,Hardcover,390,2020,2019,,2021/01/01,to-read,to-read (#70),to-read,,,,0,0
44654627,"One of Us Is Next (One of Us Is Lying, #2)",Karen M. McManus,"McManus, Karen M.",,"=""0525707964""","=""9780525707967""",0,3.97,Delacorte Press for Young Readers,Hardcover,377,2020,2020,,2021/01/01,to-read,to-read (#69),to-read,,,,0,0
52516332,Clap When You Land,Elizabeth Acevedo,"Acevedo, Elizabeth",,"=""0062882767""","=""9780062882769""",0,4.27,HarperTeen ,Hardcover,432,2020,2020,,2021/01/01,to-read,to-read (#68),to-read,,,,0,0
51792100,A Burning,Megha Majumdar,"Majumdar, Megha",,"=""0525658696""","=""9780525658696""",0,3.74,Knopf Publishing Group,Hardcover,304,2020,2020,,2021/01/01,to-read,to-read (#67),to-read,,,,0,0
51541496,Luster,Raven Leilani,"Leilani, Raven",,"=""0374194327""","=""9780374194321""",0,3.56,"Farrar, Straus and Giroux",Hardcover,227,2020,2020,,2021/01/01,to-read,to-read (#66),to-read,,,,0,0
50214741,The Girl with the Louding Voice,Abi Daré,"Daré, Abi",Ronke Adékoluejo,"=""1524746029""","=""9781524746025""",0,4.45,Dutton Books,Hardcover,371,2020,2020,,2021/01/01,to-read,to-read (#65),to-read,,,,0,0
43557477,The Jane Austen Society,Natalie Jenner,"Jenner, Natalie",,"=""1250248736""","=""9781250248732""",0,3.74,St. Martin's Press,Hardcover,320,2020,2020,,2021/01/01,to-read,to-read (#64),to-read,,,,0,0
44890081,My Dark Vanessa,Kate Elizabeth Russell,"Russell, Kate Elizabeth",,"=""006294150X""","=""9780062941503""",0,4.08,William Morrow,Hardcover,373,2020,2020,,2021/01/01,to-read,to-read (#63),to-read,,,,0,0
45895148,Romance or the End,Elaine Kahn,"Kahn, Elaine",,"=""1593765843""","=""9781593765842""",0,3.68,Soft Skull Press,Paperback,144,2020,2020,,2021/01/01,to-read,to-read (#62),to-read,,,,0,0
44441884,All Along You Were Blooming: Thoughts for Boundless Living,Morgan Harper Nichols,"Nichols, Morgan Harper",,"=""0310454077""","=""9780310454076""",0,4.26,Zondervan,Hardcover,192,2020,2020,,2021/01/01,to-read,to-read (#61),to-read,,,,0,0
52854164,Home Body,Rupi Kaur,"Kaur, Rupi",,"=""1449486800""","=""9781449486808""",0,4.07,Andrews McMeel Publishing,Paperback,192,2020,2020,,2021/01/01,to-read,to-read (#60),to-read,,,,0,0
50706476,Dearly,Margaret Atwood,"Atwood, Margaret",,"=""006303249X""","=""9780063032491""",0,3.75,Ecco,Hardcover,124,2020,2020,,2021/01/01,to-read,to-read (#59),to-read,,,,0,0
50734400,How to Argue With a Racist: What Our Genes Do (and Don't) Say About Human Difference,Adam Rutherford,"Rutherford, Adam",,"=""1615196714""","=""9781615196715""",0,3.92,The Experiment,Hardcover,224,2020,2020,,2021/01/01,to-read,to-read (#58),to-read,,,,0,0
45046690,"The Address Book: What Street Addresses Reveal About Identity, Race, Wealth, and Power",Deirdre Mask,"Mask, Deirdre",,"=""1250134765""","=""9781250134769""",0,4.08,St. Martin's Press,Hardcover,336,2020,2020,,2021/01/01,to-read,to-read (#57),to-read,,,,0,0
45153160,A Black Women's History of the United States,Daina Ramey Berry,"Berry, Daina Ramey",Kali Nicole Gross,"=""0807033553""","=""9780807033555""",0,4.30,Beacon Press,Hardcover,273,2020,2020,,2021/01/01,to-read,to-read (#56),to-read,,,,0,0
51227088,"The Splendid and the Vile: A Saga of Churchill, Family, and Defiance During the Blitz",Erik Larson,"Larson, Erik",,"=""""","=""""",0,4.28,Crown Publishing Group (NY),Hardcover,585,2020,2020,,2021/01/01,to-read,to-read (#55),to-read,,,,0,0
52686687,"Don't Overthink It: Make Easier Decisions, Stop Second-Guessing, and Bring More Joy to Your Life",Anne Bogel,"Bogel, Anne",,"=""1540901106""","=""9781540901101""",0,3.90,Baker Books,Hardcover,224,2020,2020,,2021/01/01,to-read,to-read (#54),to-read,,,,0,0
46002342,"Me and White Supremacy: Combat Racism, Change the World, and Become a Good Ancestor",Layla F. Saad,"Saad, Layla F.",Robin DiAngelo,"=""1728209803""","=""9781728209807""",0,4.36,Sourcebooks,Hardcover,238,2020,2020,,2021/01/01,to-read,to-read (#53),to-read,,,,0,0
53317913,Rage,Bob Woodward,"Woodward, Bob",,"=""198213173X""","=""9781982131739""",0,4.17,Simon & Schuster,Hardcover,475,2020,2020,,2021/01/01,to-read,to-read (#52),to-read,,,,0,0
49614207,Hood Feminism: Notes from the Women That a Movement Forgot,Mikki Kendall,"Kendall, Mikki",,"=""0525560548""","=""9780525560548""",0,4.40,Viking,Hardcover,267,2020,2020,,2021/01/01,to-read,to-read (#51),to-read,,,,0,0
52220686,"Stamped: Racism, Antiracism, and You",Jason  Reynolds,"Reynolds, Jason",Ibram X. Kendi,"=""0316453692""","=""9780316453691""",0,4.49,"Little, Brown Books for Young Readers",Hardcover,294,2020,2020,,2021/01/01,to-read,to-read (#50),to-read,,,,0,0
48989372,A Very Punchable Face,Colin Jost,"Jost, Colin",,"=""1101906324""","=""9781101906323""",0,4.22,Crown Publishing Group (NY),Hardcover,312,2020,2020,,2021/01/01,to-read,to-read (#49),to-read,,,,0,0
44890112,Strange Planet (Strange Planet #1),Nathan W. Pyle,"Pyle, Nathan W.",,"=""0062970704""","=""9780062970701""",0,4.33,Morrow Gift,Hardcover,144,2019,2019,,2021/01/01,to-read,to-read (#48),to-read,,,,0,0
50892288,The Hollow Places,T. Kingfisher,"Kingfisher, T.",,"=""1534451129""","=""9781534451124""",0,3.80,Gallery / Saga Press,Paperback,341,2020,2020,,2021/01/01,to-read,to-read (#47),to-read,,,,0,0
52454426,Devolution: A Firsthand Account of the Rainier Sasquatch Massacre,Max Brooks,"Brooks, Max",,"=""1984826786""","=""9781984826787""",0,3.92,Del Rey Books,Hardcover,286,2020,2020,,2021/01/01,to-read,to-read (#46),to-read,,,,0,0
49789629,"The Year of the Witching (Bethel, #1)",Alexis Henderson,"Henderson, Alexis",,"=""0593099605""","=""9780593099605""",0,3.81,Ace ,Hardcover,368,2020,2020,,2021/01/01,to-read,to-read (#45),to-read,,,,0,0
44077284,The Southern Book Club's Guide to Slaying Vampires,Grady Hendrix,"Hendrix, Grady",,"=""1683691431""","=""9781683691433""",0,3.83,Quirk Books,Hardcover,404,2020,2020,,2021/01/01,to-read,to-read (#44),to-read,,,,0,0
48838041,If It Bleeds,Stephen King,"King, Stephen",,"=""1982150297""","=""9781982150297""",0,4.01,Scribner,Hardcover,436,2020,2020,,2021/01/01,to-read,to-read (#43),to-read,,,,0,0
53152636,Mexican Gothic,Silvia Moreno-Garcia,"Moreno-Garcia, Silvia",,"=""""","=""""",0,3.68,Del Rey,Hardcover,301,2020,2020,,2021/01/01,to-read,to-read (#42),to-read,,,,0,0
53103895,One to Watch,Kate Stayman-London,"Stayman-London, Kate",,"=""0525510443""","=""9780525510444""",0,3.91,Dial Press,Paperback,417,2020,2020,,2021/01/01,to-read,to-read (#41),to-read,,,,0,0
50225678,"Boyfriend Material (London Calling, #1)",Alexis  Hall,"Hall, Alexis",,"=""1728206146""","=""9781728206141""",0,4.09,Sourcebooks Casablanca,Paperback,427,2020,2020,,2021/01/01,to-read,to-read (#40),to-read,,,,0,0
44582454,Regretting You,Colleen Hoover,"Hoover, Colleen",,"=""""","=""""",0,4.22,Montlake Romance,Kindle Edition,363,2019,2019,,2021/01/01,to-read,to-read (#39),to-read,,,,0,0
50093704,In Five Years,Rebecca Serle,"Serle, Rebecca",,"=""1982137444""","=""9781982137441""",0,3.81,Atria Books,Hardcover,255,2020,2020,,2021/01/01,to-read,to-read (#38),to-read,,,,0,0
52867387,Beach Read,Emily Henry,"Henry, Emily",,"=""1984806734""","=""9781984806734""",0,4.06,Berkley,Paperback,361,2020,2020,,2021/01/01,to-read,to-read (#37),to-read,,,,0,0
52861201,"From Blood and Ash (Blood and Ash, #1)",Jennifer L. Armentrout,"Armentrout, Jennifer L.",,"=""1952457009""","=""9781952457005""",0,4.29,Blue Box Press,Paperback,613,2020,2020,,2021/01/01,to-read,to-read (#36),to-read,,,,0,0
50623864,The Invisible Life of Addie LaRue,V.E. Schwab,"Schwab, V.E.",,"=""0765387565""","=""9780765387561""",0,4.22,Tor Books,Hardcover,444,2020,2020,,2021/01/01,to-read,to-read (#35),to-read,,,,0,0
51791252,The Vanishing Half,Brit Bennett,"Bennett, Brit",,"=""""","=""""",0,4.18,Riverhead Books,Hardcover,343,2020,2020,,2021/01/01,to-read,to-read (#34),to-read,,,,0,0
52661162,The Searcher,Tana French,"French, Tana",,"=""073522465X""","=""9780735224650""",0,3.80,Viking,Hardcover,451,2020,2020,,2021/01/01,to-read,to-read (#33),to-read,,,,0,0
44510385,The Wives,Tarryn Fisher,"Fisher, Tarryn",,"=""1525805126""","=""9781525805127""",0,3.64,Graydon House,Hardcover,322,2019,2019,,2021/01/01,to-read,to-read (#32),to-read,,,,0,0
49398072,When No One Is Watching,Alyssa Cole,"Cole, Alyssa",,"=""0062982656""","=""9780062982650""",0,3.54,William Morrow Paperbacks,Paperback,352,2020,2020,,2021/01/01,to-read,to-read (#31),to-read,,,,0,0
50833559,Home Before Dark,Riley Sager,"Sager, Riley",,"=""1524745170""","=""9781524745172""",0,4.09,Dutton Books,Hardcover,389,2020,2020,,2021/01/01,to-read,to-read (#30),to-read,,,,0,0
45885644,The Sun Down Motel,Simone St. James,"James, Simone St.",,"=""0440000173""","=""9780440000174""",0,4.03,Berkley,Hardcover,327,2020,2020,,2021/01/01,to-read,to-read (#29),to-read,,,,0,0
54911607,The Guest List,Lucy Foley,"Foley, Lucy",,"=""0062868934""","=""9780062868930""",0,3.85,William Morrow,Hardcover,313,2020,2020,,2021/01/01,to-read,to-read (#28),to-read,,,,0,0
48570454,Transcendent Kingdom,Yaa Gyasi,"Gyasi, Yaa",,"=""""","=""""",0,4.13,Knopf,Hardcover,264,2020,2020,,2021/01/01,to-read,to-read (#27),to-read,,,,0,0
45754981,The Glass Hotel,Emily St. John Mandel,"Mandel, Emily St. John",,"=""0525521143""","=""9780525521143""",0,3.68,Knopf Publishing Group,Hardcover,302,2020,2020,,2021/01/01,to-read,to-read (#26),to-read,,,,0,0
43923951,Such a Fun Age,Kiley Reid,"Reid, Kiley",,"=""""","=""""",0,3.83,G.P. Putnam's Sons,Hardcover,310,2019,2019,,2021/01/01,to-read,to-read (#25),to-read,,,,0,0
50634450,American Dirt,Jeanine Cummins,"Cummins, Jeanine",,"=""1250209765""","=""9781250209764""",0,4.37,Flatiron Books,Hardcover,380,2020,2020,,2021/01/01,to-read,to-read (#24),to-read,,,,0,0
49127718,Anxious People,Fredrik Backman,"Backman, Fredrik",Neil   Smith,"=""198216963X""","=""9781982169633""",0,4.20,Atria Books,Hardcover,336,2020,2019,,2021/01/01,to-read,to-read (#23),to-read,,,,0,0
52578297,The Midnight Library,Matt Haig,"Haig, Matt",,"=""""","=""""",0,4.03,Viking,Hardcover,288,2020,2020,,2021/01/01,to-read,to-read (#22),to-read,,,,0,0
43708708,White Fragility: Why It’s So Hard for White People to Talk About Racism,Robin DiAngelo,"DiAngelo, Robin","Michael Eric Dyson, Manon Smits, Rob Kuitenbrouwer, Amy Landon","=""0807071161""","=""9780807071168""",0,4.19,Beacon Press,Audiobook,192,2018,2018,,2020/10/01,to-read,to-read (#21),to-read,,,,0,0
26156469,Never Split the Difference: Negotiating As If Your Life Depended On It,Chris Voss,"Voss, Chris",Tahl Raz,"=""0062407805""","=""9780062407801""",0,4.37,Harper Business,Hardcover,274,2016,2016,,2020/10/01,to-read,to-read (#20),to-read,,,,0,0
40702156,I Owe You One,Sophie Kinsella,"Kinsella, Sophie",,"=""""","=""""",2,3.54,Dial Press,Hardcover,448,2019,2019,,2020/10/01,,,read,,,,1,0
38357345,My Favorite Half-Night Stand,Christina Lauren,"Lauren, Christina",,"=""1501197401""","=""9781501197406""",0,3.77,Gallery Books,Paperback,384,2018,2018,,2020/09/29,to-read,to-read (#19),to-read,,,,0,0
25883848,The Hating Game,Sally  Thorne,"Thorne, Sally",,"=""""","=""""",0,3.98,William Morrow Paperbacks,ebook,387,2016,2016,,2020/09/29,to-read,to-read (#18),to-read,,,,0,0
11857408,"Fifty Shades Darker (Fifty Shades, #2)",E.L. James,"James, E.L.",,"=""1612130585""","=""9781612130583""",0,3.83,The Writer's Coffee Shop Publishing House,Paperback,532,2011,2011,,2020/09/29,,,read,,,,1,0
10210,Jane Eyre,Charlotte Brontë,"Brontë, Charlotte","Michael Mason, Wayne Josephson, M. Von Borch","=""0142437204""","=""9780142437209""",0,4.14,Penguin,Paperback,532,2003,1847,,2020/09/29,to-read,to-read (#17),to-read,,,,0,0
5886881,Dark Places,Gillian Flynn,"Flynn, Gillian",,"=""0307341569""","=""9780307341563""",5,3.95,Shaye Areheart Books,Hardcover,349,2009,2009,,2020/09/27,,,read,,,,1,0
41795733,Range: Why Generalists Triumph in a Specialized World,David   Epstein,"Epstein, David",,"=""0735214484""","=""9780735214484""",0,4.14,Riverhead Books,Hardcover,352,2019,2019,,2020/09/27,to-read,to-read (#16),to-read,,,,0,0
168642,In Cold Blood,Truman Capote,"Capote, Truman",,"=""0679745580""","=""9780679745587""",0,4.08,Vintage,Paperback,343,1994,1965,,2020/09/27,to-read,to-read (#15),to-read,,,,0,0
17899948,Rebecca,Daphne du Maurier,"Maurier, Daphne du",,"=""0316323705""","=""9780316323703""",0,4.24,"Little, Brown and Company",ebook,449,2013,1938,,2020/09/27,to-read,to-read (#14),to-read,,,,0,0
960,"Angels & Demons (Robert Langdon, #1)",Dan Brown,"Brown, Dan",,"=""1416524797""","=""9781416524793""",0,3.93,Pocket Books,Mass Market Paperback,736,2006,2000,,2020/09/27,to-read,to-read (#13),to-read,,,,0,0
929,Memoirs of a Geisha,Arthur Golden,"Golden, Arthur",,"=""1400096898""","=""9781400096893""",0,4.14,Vintage Books USA,Mass Market Paperback,503,2005,1997,,2020/09/27,to-read,to-read (#12),to-read,,,,0,0
4667024,The Help,Kathryn Stockett,"Stockett, Kathryn",,"=""0399155341""","=""9780399155345""",0,4.47,G.P. Putnam's Sons,Hardcover,464,2009,2009,,2020/09/27,to-read,to-read (#11),to-read,,,,0,0
40265832,How to Be an Antiracist,Ibram X. Kendi,"Kendi, Ibram X.",,"=""0525509283""","=""9780525509288""",0,4.38,One World,Hardcover,305,2019,2019,,2020/09/27,to-read,to-read (#10),to-read,,,,0,0
6780522,"The Ice Cream Girls (Poppy & Serena, #1)",Dorothy Koomson,"Koomson, Dorothy",,"=""1847443648""","=""9781847443649""",0,4.00,Sphere,Hardcover,452,2010,2010,,2020/09/27,to-read,to-read (#9),to-read,,,,0,0
7118874,"Theories, Predictions, and Diagnoses: Part Two from What the Dog Saw",Malcolm Gladwell,"Gladwell, Malcolm",,"=""0316086150""","=""9780316086158""",0,3.97,"Little, Brown and Company",ebook,120,2009,2009,,2020/09/27,to-read,to-read (#8),to-read,,,,0,0
6516450,What the Dog Saw and Other Adventures,Malcolm Gladwell,"Gladwell, Malcolm",,"=""0316078573""","=""9780316078573""",5,3.85,"Little, Brown and Company",Hardcover,444,2009,2009,,2020/09/27,,,read,,,,1,0
43848929,Talking to Strangers: What We Should Know About the People We Don’t Know,Malcolm Gladwell,"Gladwell, Malcolm",,"=""0316478520""","=""9780316478526""",0,4.02,"Little, Brown and Company",Hardcover,388,2019,2019,,2020/09/27,to-read,to-read (#7),to-read,,,,0,0
15751404,"David and Goliath: Underdogs, Misfits, and the Art of Battling Giants",Malcolm Gladwell,"Gladwell, Malcolm",,"=""0316204366""","=""9780316204361""",5,3.96,"Little, Brown and Company",Hardcover,305,2013,2013,,2020/09/27,,,read,,,,1,0
10914,Songs of the Humpback Whale,Jodi Picoult,"Picoult, Jodi",,"=""0743431014""","=""9780743431019""",4,3.21,Washington Square Press,Paperback,346,2001,1992,,2020/09/27,,,read,,,,1,0
10911,Second Glance,Jodi Picoult,"Picoult, Jodi",,"=""0743454510""","=""9780743454513""",2,3.80,Washington Square Press,Paperback,448,2004,2003,,2020/09/27,,,read,,,,1,0
10908,Harvesting the Heart,Jodi Picoult,"Picoult, Jodi",,"=""0140230270""","=""9780140230277""",2,3.62,Penguin Books,Paperback,453,1995,1993,,2020/09/27,,,read,,,,1,0
10912,Picture Perfect,Jodi Picoult,"Picoult, Jodi",,"=""0425185508""","=""9780425185506""",3,3.56,Berkley,Paperback,369,2002,1995,,2020/09/27,,,read,,,,1,0
111180,Perfect Match,Jodi Picoult,"Picoult, Jodi",,"=""0743418735""","=""9780743418737""",5,3.96,Washington Square Press,Paperback,384,2003,2002,,2020/09/27,,,read,,,,1,0
13547188,Lone Wolf,Jodi Picoult,"Picoult, Jodi",,"=""1439102759""","=""9781439102756""",5,3.72,Atria/Emily Bestler Books,Paperback,517,2012,2012,,2020/09/27,,,read,,,,1,0
10915,Salem Falls,Jodi Picoult,"Picoult, Jodi",,"=""0743418719""","=""9780743418713""",2,3.83,Washington Square Press,Paperback,434,2002,2001,,2020/09/27,,,read,,,,1,0
8554005,Sing You Home,Jodi Picoult,"Picoult, Jodi",,"=""1439102724""","=""9781439102725""",5,3.79,Atria Books,Hardcover,466,2011,2011,,2020/09/27,,,read,,,,1,0
14865,Vanishing Acts,Jodi Picoult,"Picoult, Jodi",,"=""0743454553""","=""9780743454551""",2,3.71,Washington Square Press,Paperback,426,2005,2005,,2020/09/27,,,read,,,,1,0
10909,The Tenth Circle,Jodi Picoult,"Picoult, Jodi",,"=""074349671X""","=""9780743496711""",5,3.52,Allen & Ulwin,Paperback,416,2006,2006,,2020/09/27,,,read,,,,1,0
3720975,Handle with Care,Jodi Picoult,"Picoult, Jodi",,"=""0743296419""","=""9780743296410""",4,3.99,Atria Books,Hardcover,477,2009,2009,,2020/09/27,,,read,,,,1,0
6614960,House Rules,Jodi Picoult,"Picoult, Jodi",,"=""0743296435""","=""9780743296434""",5,4.03,Atria Books,Hardcover,532,2010,2010,,2020/09/27,,,read,,,,1,0
14864,Plain Truth,Jodi Picoult,"Picoult, Jodi",,"=""0743275012""","=""9780743275019""",5,3.98,Atria Books,Hardcover,405,2004,2000,,2020/09/27,,,read,,,,1,0
15753740,The Storyteller,Jodi Picoult,"Picoult, Jodi",,"=""1439102767""","=""9781439102763""",5,4.28,Atria,Hardcover,461,2013,2013,,2020/09/27,,,read,,,,1,0
10916,The Pact,Jodi Picoult,"Picoult, Jodi",,"=""0061150142""","=""9780061150142""",4,4.02,Avon,Paperback,512,2006,1998,,2020/09/27,,,read,,,,1,0
14866,Nineteen Minutes,Jodi Picoult,"Picoult, Jodi",,"=""0743496728""","=""9780743496728""",4,4.14,Atria Books,Hardcover,440,2007,2007,,2020/09/27,,,read,,,,1,0
10917,My Sister's Keeper,Jodi Picoult,"Picoult, Jodi",,"=""0743454537""","=""9780743454537""",5,4.09,Washington Square Press,Paperback,423,2005,2004,,2020/09/27,,,read,,,,1,0
1885,Pride and Prejudice,Jane Austen,"Austen, Jane","Vivien Jones, Anna Quindlen, Charles Edmund Brock","=""""","=""""",1,4.28,Modern Library,Paperback,279,2000,1813,,2020/09/27,,,read,,,,1,0
11870085,The Fault in Our Stars,John Green,"Green, John",,"=""""","=""""",1,4.16,Dutton Books,Hardcover,313,2012,2012,,2020/09/27,,,read,,,,1,0
40961427,1984,George Orwell,"Orwell, George",,"=""""","=""""",1,4.19,Houghton Mifflin Harcourt,Kindle Edition,298,2013,1949,,2020/09/27,,,read,,,,1,0
4671,The Great Gatsby,F. Scott Fitzgerald,"Fitzgerald, F. Scott",,"=""""","=""""",1,3.93,Scribner,Paperback,180,2004,1925,,2020/09/27,,,read,,,,1,0
32571395,"One of Us Is Lying (One of Us is Lying, #1)",Karen M. McManus,"McManus, Karen M.",,"=""""","=""""",0,3.99,Delacorte Press,Kindle Edition,360,2017,2017,,2020/09/27,to-read,to-read (#6),to-read,,,,0,0
43744300,"American Royals (American Royals, #1)",Katharine McGee,"McGee, Katharine",,"=""1984830171""","=""9781984830173""",0,3.84,Random House Books for Young Readers,Hardcover,441,2019,2019,,2020/09/27,to-read,to-read (#5),to-read,,,,0,0
77203,The Kite Runner,Khaled Hosseini,"Hosseini, Khaled",,"=""""","=""""",2,4.33,Riverhead Books,Paperback,371,2004,2003,,2020/09/27,,,read,,,,1,0
18045891,Sharp Objects,Gillian Flynn,"Flynn, Gillian",,"=""""","=""""",0,4.01,Broadway Paperbacks,Paperback,254,2006,2006,,2020/09/27,to-read,to-read (#4),to-read,,,,0,0
35099718,So You Want to Talk About Race,Ijeoma Oluo,"Oluo, Ijeoma",,"=""1580056776""","=""9781580056779""",0,4.50,Seal Press,Hardcover,248,2018,2018,,2020/09/27,to-read,to-read (#3),to-read,,,,0,0
40102,Blink: The Power of Thinking Without Thinking,Malcolm Gladwell,"Gladwell, Malcolm","Barry Fox, Irina Henegar","=""0316010669""","=""9780316010665""",5,3.95,Back Bay Books,Paperback,296,2007,2005,,2020/09/27,,,read,,,,1,0
2612,The Tipping Point: How Little Things Can Make a Big Difference,Malcolm Gladwell,"Gladwell, Malcolm",,"=""0316346624""","=""9780316346627""",5,3.99,Time Warner Book Group,Paperback,301,2002,2000,,2020/09/27,,,read,,,,1,0
4865,How to Win Friends and Influence People,Dale Carnegie,"Carnegie, Dale",,"=""""","=""""",0,4.21,Gallery Books,Paperback,288,1998,1936,,2020/09/27,to-read,to-read (#2),to-read,,,,0,0
36072,The 7 Habits of Highly Effective People: Powerful Lessons in Personal Change,Stephen R. Covey,"Covey, Stephen R.",Jim Collins,"=""0743269519""","=""9780743269513""",0,4.15,Free Press,Paperback,372,2004,1988,,2020/09/27,to-read,to-read (#1),to-read,,,,0,0
3228917,Outliers: The Story of Success,Malcolm Gladwell,"Gladwell, Malcolm",,"=""0316017922""","=""9780316017923""",5,4.18,"Little, Brown and Company",Hardcover,309,2008,2008,,2020/09/27,,,read,,,,1,0
10818853,"Fifty Shades of Grey (Fifty Shades, #1)",E.L. James,"James, E.L.",,"=""1612130291""","=""9781612130293""",3,3.66,Vintage,Paperback,356,2011,2011,,2020/09/27,,,read,,,,1,0
41865,"Twilight (The Twilight Saga, #1)",Stephenie Meyer,"Meyer, Stephenie",,"=""0316015849""","=""9780316015844""",4,3.63,"Little, Brown and Company",Paperback,498,2006,2005,,2020/09/27,,,read,,,,1,0
2767052,"The Hunger Games (The Hunger Games, #1)",Suzanne Collins,"Collins, Suzanne",,"=""0439023483""","=""9780439023481""",3,4.32,Scholastic Press,Hardcover,374,2008,2008,,2020/09/27,,,read,,,,1,0
170448,Animal Farm,George Orwell,"Orwell, George","Russell Baker, C.M. Woodhouse","=""0451526341""","=""9780451526342""",2,3.97,Signet Classics,Mass Market Paperback,141,1996,1945,,2020/09/27,,,read,,,,1,0
5107,The Catcher in the Rye,J.D. Salinger,"Salinger, J.D.",,"=""0316769177""","=""9780316769174""",1,3.81,Back Bay Books,Paperback,277,2001,1951,,2020/09/27,,,read,,,,1,0
2657,To Kill a Mockingbird,Harper Lee,"Lee, Harper",,"=""""","=""""",4,4.27,Harper Perennial Modern Classics ,Paperback,336,2006,1960,,2020/09/27,,,read,,,,1,0
3,"Harry Potter and the Sorcerer's Stone (Harry Potter, #1)",J.K. Rowling,"Rowling, J.K.",,"=""""","=""""",2,4.47,Scholastic Inc,Hardcover,309,2003,1997,,2020/09/27,,,read,,,,1,0
16160797,"The Cuckoo's Calling (Cormoran Strike, #1)",Robert Galbraith,"Galbraith, Robert",,"=""0316206849""","=""9780316206846""",5,3.87,Mulholland Books,Hardcover,456,2013,2013,,2020/09/27,,,read,,,,1,0
22557272,The Girl on the Train,Paula Hawkins,"Hawkins, Paula",,"=""1594633665""","=""9781594633669""",5,3.95,Riverhead Books,Hardcover,336,2015,2015,,2020/09/27,,,read,,,,1,0
19288043,Gone Girl,Gillian Flynn,"Flynn, Gillian",,"=""""","=""""",5,4.11,Broadway Books,Paperback,415,2014,2012,,2020/09/27,,,read,,,,1,0
16299,And Then There Were None,Agatha Christie,"Christie, Agatha",,"=""0312330871""","=""9780312330873""",5,4.28,St. Martin's Press,Paperback,264,2004,1939,,2020/09/27,,,read,,,,1,0
